mutation,prodigy_dG,prodigy_ddG
A146F,-8.186,-0.33699999999999974
I21D,-7.293,0.556
L19I,-8.031,-0.18200000000000038
L23R,-7.504,0.34500000000000064
Q22K,-7.982,-0.133
R41A,-8.579,-0.7300000000000004
R41D,-7.885,-0.03599999999999959
T20C,-7.702,0.14700000000000024
D54K,-7.918,-0.06899999999999995
I21K,-8.91,-1.061
I93H,-7.691,0.15800000000000036
L53D,-7.977,-0.1280000000000001
Q43C,-8.025,-0.17600000000000016
T58R,-8.212,-0.36299999999999955
V44R,-8.129,-0.27999999999999936
V45M,-7.512,0.33700000000000063
C51V,-7.622,0.2270000000000003
I163H,-8.845,-0.9960000000000004
I55A,-7.66,0.18900000000000006
L52A,-8.093,-0.24399999999999977
L56Y,-8.064,-0.21499999999999986
L79H,-7.631,0.21799999999999997
N86W,-8.349,-0.5
P140V,-7.64,0.20900000000000052
R41E,-7.075,0.774
T50V,-8.09,-0.24099999999999966
C80L,-7.713,0.13600000000000012
F141E,-8.525,-0.6760000000000002
F78V,-8.225,-0.37599999999999945
L79I,-7.599,0.25
N86I,-8.203,-0.3539999999999992
T58L,-8.192,-0.34299999999999997
V7R,-8.442,-0.593
D54I,-7.786,0.06300000000000061
D57G,-8.282,-0.43299999999999983
G77A,-8.188,-0.3390000000000004
H95R,-7.569,0.28000000000000025
I55E,-8.009,-0.16000000000000014
L56K,-7.393,0.4560000000000004
M111K,-7.666,0.18299999999999983
S17N,-7.42,0.42900000000000027
T2D,-8.416,-0.5670000000000002
V125L,-7.487,0.3620000000000001
Y40R,-8.156,-0.3070000000000004
S39P,-8.965,-1.1159999999999997
A11C,-8.411,-0.5619999999999994
A59I,-7.583,0.266
D38R,-7.727,0.12199999999999989
D57R,-8.618,-0.7690000000000001
I36P,-7.766,0.08300000000000018
L6I,-8.152,-0.30299999999999905
T20F,-7.779,0.07000000000000028
T20W,-8.68,-0.8309999999999995
T35C,-7.628,0.22100000000000009
V7A,-8.167,-0.3179999999999996
D33K,-7.375,0.4740000000000002
E37R,-7.666,0.18299999999999983
F28D,-7.664,0.1850000000000005
G12C,-8.235,-0.38599999999999923
G13D,-7.609,0.2400000000000002
I55R,-8.066,-0.21700000000000053
K16L,-7.732,0.11699999999999999
S17R,-7.991,-0.14199999999999946
V9C,-8.045,-0.19599999999999973
I24C,-8.012,-0.16300000000000026
K42A,-7.478,0.37100000000000044
A18C,-8.235,-0.38599999999999923
A18F,-7.86,-0.01100000000000012
A18L,-7.766,0.08300000000000018
A59L,-7.626,0.22299999999999986
K16S,-8.501,-0.6519999999999992
K16V,-8.032,-0.18299999999999983
P34D,-7.767,0.08199999999999985
Q25P,-7.981,-0.13199999999999967
T58K,-8.316,-0.4670000000000005
V14G,-7.924,-0.07500000000000018
